Feature,Importance
Complains,0.18699910687826185
Seconds of Use,0.1340058099670072
Subscription  Length,0.1257996921977697
Status,0.1179843785892109
Frequency of use,0.1102259773288141
Customer Value,0.0702980286880629
Distinct Called Numbers,0.06855636461140216
Call  Failure,0.06521677559347645
Frequency of SMS,0.051038493031176725
Age Group,0.02907510242425563
Age,0.02548565904314083
Charge  Amount,0.014141344321997082
Tariff Plan,0.0011732673254245033
